<?xml version="1.0" encoding="UTF-8"?>
<beans:beans xmlns="http://www.springframework.org/schema/mvc"
	xmlns:xsi="http://www.w3.org/2001/XMLSchema-instance"
	xmlns:beans="http://www.springframework.org/schema/beans"
	xmlns:context="http://www.springframework.org/schema/context"
	xsi:schemaLocation="http://www.springframework.org/schema/mvc https://www.springframework.org/schema/mvc/spring-mvc.xsd
		http://www.springframework.org/schema/beans https://www.springframework.org/schema/beans/spring-beans.xsd
		http://www.springframework.org/schema/context https://www.springframework.org/schema/context/spring-context.xsd">

	
	<annotation-driven />

	<!--
	- 기존 뷰 리졸버
		- 디스패처에게 전달받은 문자열을 가공해서 view를 선택.
			- 예외로 redirect: 거나 forward: 인 경우 view 선택x
		- prefix : 받은 문자열 앞에 붙일 문자열
		- suffix : 받은 문자열 뒤에 붙일 문자열
		- 기본 경로는 webapp부터 시작.
	  -->
	<resources mapping="/resources/**" location="/resources/" />

	<beans:bean class="org.springframework.web.servlet.view.InternalResourceViewResolver">
		<beans:property name="prefix" value="/WEB-INF/views/" />	<!-- home 앞에 오는 애들. /WEB-INF/views/return home이 나옴. -->
		<beans:property name="suffix" value=".jsp" />		<!-- home 뒤에 오는 애들. home.jsp이 나옴. -->
	</beans:bean>
	
	<context:component-scan base-package="kr.kh.spring.*" />	<!-- spring.controller패키지로 되어있건걸 all로 변경 -->
	
	
<!-- 타일즈 뷰 리졸버 -->
<beans:bean id="tilesViewResolver" class="org.springframework.web.servlet.view.UrlBasedViewResolver">
    <beans:property name="viewClass" value="org.springframework.web.servlet.view.tiles3.TilesView" />
    <beans:property name="order" value="1" /><!-- 우선순위를 이쪽으로 지정(value=1) -->
</beans:bean>
     
<beans:bean id="tilesConfigurer" class="org.springframework.web.servlet.view.tiles3.TilesConfigurer">
    <beans:property name="definitions">
        <beans:list>
            <beans:value>/WEB-INF/spring/tiles-def.xml</beans:value>
        </beans:list>
    </beans:property>
</beans:bean>
			<context:component-scan base-package="kr.kh.spring.*" />
		
			<!-- 인터셉터 등록 -->
			<beans:bean id="loginInterceptor" class="kr.kh.spring.interceptor.LoginInterceptor"/>
			<!--  beans:bean id="인터셉터객체명" class="패키지명.SampleInterceptor" -->
	
			<!-- 인터셉터 맵핑 -->
			<interceptors>
				<interceptor>
					<!-- /login(get,post)를 왔다갔다 할때마다 LoginInterceptor 실행 -->
					<mapping path="/login"/>
					<beans:ref bean="loginInterceptor"/>
					<!-- 포스트일떄 나오면서 한번 redirect로 겟방식으로 나올때 한번 총 두번 찍혀야 -->
				</interceptor>
			</interceptors>
	
</beans:beans>