<?xml version="1.0" encoding="UTF-8"?>
<!DOCTYPE tiles-definitions PUBLIC
       "-//Apache Software Foundation//DTD Tiles Configuration 3.0//EN"
       "http://tiles.apache.org/dtds/tiles-config_3_0.dtd">

<tiles-definitions>
<!-- 타일즈 설정 추가... 복붙 후 필요없는 부분 제거 完 -->
	
	<!-- 
	<definition name=".root" template="/WEB-INF/views/layout/baseLayout.jsp">	각 폴더들이랑 jsp 파일들 만들어주기
		<put-attribute name="header" value="/WEB-INF/views/common/header.jsp" />
		<put-attribute name="footer" value="/WEB-INF/views/common/footer.jsp" />
	</definition>
	 -->

	<!-- 패턴이 슬래시 all1 슬래시 all2 형태인 애는 내가 처리하겠다 -> all1은 1에 all2는 2에 넣어줌 -->
	<!--  <definition name="/*/*" extends=".root">	--> <!-- .root기준으로 확장 -->
    <definition name="/*/*" template="/WEB-INF/views/layout/baseLayout.jsp">
        <put-attribute name="header" value="/WEB-INF/views/common/header.jsp" />      
        <put-attribute name="footer" value="/WEB-INF/views/common/footer.jsp" />
      	<put-attribute name="body" value="/WEB-INF/views/{1}/{2}.jsp" />
    </definition>

    <definition name="*" template="/WEB-INF/views/layout/baseLayout.jsp">
        <put-attribute name="header" value="/WEB-INF/views/common/header.jsp" />      
        <put-attribute name="footer" value="/WEB-INF/views/common/footer.jsp" />
      	<put-attribute name="body" value="/WEB-INF/views/{1}.jsp" />	<!-- 확장으로 추가된 속성으로는 body가 있다 -->
	</definition>

</tiles-definitions>
